{"point_instances": ["A", "B", "C"], "line_instances": ["AB", "CB", "AC"], "circle_instances": [], "diagram_logic_forms": ["Perpendicular(Line(B, C), Line(A, C))", "Equals(LengthOf(Line(C, A)), 18)", "Equals(LengthOf(Line(B, C)), 15)", "Equals(MeasureOf(Angle(C, A, B)), x)"], "point_positions": {"A": [10.834199584199585, 142.74285714285716], "B": [256.4775960170697, 142.71654135338346], "C": [156.92476260043827, 22.074903474903476]}}