{"point_instances": ["S", "K", "P", "M", "J", "L", "R", "A", "B", "C", "D", "E"], "line_instances": ["BM", "BC", "BP", "BD", "MC", "MP", "MD", "CP", "CD", "PD", "EP", "EK", "PK", "AS", "AK", "SK", "LC", "LR", "LJ", "CR", "CJ", "RJ", "SR"], "circle_instances": ["R"], "diagram_logic_forms": ["PointLiesOnLine(M, Line(B, C))", "PointLiesOnLine(M, Line(B, P))", "PointLiesOnLine(M, Line(B, D))", "PointLiesOnLine(C, Line(B, P))", "PointLiesOnLine(C, Line(B, D))", "PointLiesOnLine(C, Line(M, P))", "PointLiesOnLine(C, Line(M, D))", "PointLiesOnLine(P, Line(B, D))", "PointLiesOnLine(P, Line(M, D))", "PointLiesOnLine(P, Line(C, D))", "PointLiesOnLine(P, Line(E, K))", "PointLiesOnLine(S, Line(A, K))", "PointLiesOnLine(C, Line(L, R))", "PointLiesOnLine(C, Line(L, J))", "PointLiesOnLine(R, Line(L, J))", "PointLiesOnLine(R, Line(C, J))", "PointLiesOnCircle(S, Circle(R, radius_0_0))", "PointLiesOnCircle(J, Circle(R, radius_0_0))", "PointLiesOnCircle(M, Circle(R, radius_0_0))", "PointLiesOnCircle(L, Circle(R, radius_0_0))", "PointLiesOnCircle(P, Circle(R, radius_0_0))"], "point_positions": {"S": [271.29820512820515, 61.35101679929266], "K": [515.0712820512821, 146.18567639257293], "P": [283.251968503937, 255.22834645669292], "M": [135.39044444444446, 132.5455938697318], "J": [335.93833333333333, 127.29392446633824], "L": [136.49619047619046, 193.66666666666666], "R": [235.61417322834646, 159.55905511811022], "A": [173.9353846153846, 27.446507515473034], "B": [20.048444444444446, 35.99846743295019], "C": [188.43, 176.4942528735632], "D": [324.298717948718, 290.7568523430592], "E": [172.6220472440945, 307.59055118110234]}}