{"point_instances": ["C", "A", "G", "E", "D", "B", "F", "H", "I", "J", "K"], "line_instances": ["IB", "IH", "IF", "BH", "BF", "HF", "FE", "CD", "CE", "DE", "CH", "KA", "KH", "KE", "AH", "AE", "HE", "JG", "JH", "GH"], "circle_instances": [], "diagram_logic_forms": ["PointLiesOnLine(B, Line(I, H))", "PointLiesOnLine(B, Line(I, F))", "PointLiesOnLine(H, Line(I, F))", "PointLiesOnLine(H, Line(B, F))", "PointLiesOnLine(D, Line(C, E))", "PointLiesOnLine(A, Line(K, H))", "PointLiesOnLine(A, Line(K, E))", "PointLiesOnLine(H, Line(K, E))", "PointLiesOnLine(H, Line(A, E))", "PointLiesOnLine(G, Line(J, H))", "Perpendicular(Line(A, H), Line(G, H))", "Equals(LengthOf(Line(C, D)), LengthOf(Line(D, E)))", "Equals(LengthOf(Line(C, D)), 5a+12)", "Equals(LengthOf(Line(E, D)), 9a-12)", "Equals(MeasureOf(Angle(D, E, H)), MeasureOf(Angle(F, E, H)))", "Equals(MeasureOf(Angle(F, H, G)), 8m-18)", "Equals(MeasureOf(Angle(B, H, A)), 7m+3)", "Equals(MeasureOf(Angle(B, H, C)), 11t-17)", "Equals(MeasureOf(Angle(F, H, E)), 5p+2)", "Equals(MeasureOf(Angle(F, E, H)), 21s+6)", "Equals(MeasureOf(Angle(D, E, H)), 48)"], "point_positions": {"C": [51.28608923884514, 587.9847619047619], "A": [318.61482939632543, 87.94095238095238], "G": [580.1738845144357, 89.2247619047619], "E": [767.3681102362204, 587.3428571428572], "D": [407.7244094488189, 587.3428571428572], "B": [106.93149606299212, 255.73485714285715], "F": [805.8326771653543, 206.05142857142857], "H": [446.1889763779527, 231.0857142857143], "I": [19.23228346456693, 261.89714285714285], "J": [640.4350393700787, 23.10857142857143], "K": [260.2769028871391, 24.39238095238095]}}