{"point_instances": ["B", "A", "J", "C", "G", "H", "K", "E", "F", "D", "I"], "line_instances": ["JK", "JI", "JF", "KI", "KF", "IF", "BK", "BC", "KC", "AI", "AD", "AC", "ID", "IC", "DC", "BA", "DH", "HG", "DF", "DE", "FE", "FG", "AE"], "circle_instances": ["D"], "diagram_logic_forms": ["PointLiesOnLine(K, Line(J, I))", "PointLiesOnLine(K, Line(J, F))", "PointLiesOnLine(I, Line(J, F))", "PointLiesOnLine(I, Line(K, F))", "PointLiesOnLine(K, Line(B, C))", "PointLiesOnLine(I, Line(A, D))", "PointLiesOnLine(I, Line(A, C))", "PointLiesOnLine(D, Line(A, C))", "PointLiesOnLine(D, Line(I, C))", "PointLiesOnLine(F, Line(D, E))", "PointLiesOnCircle(C, Circle(D, radius_0_0))", "PointLiesOnCircle(J, Circle(D, radius_0_0))", "PointLiesOnCircle(B, Circle(D, radius_0_0))", "PointLiesOnCircle(H, Circle(D, radius_0_0))", "PointLiesOnCircle(A, Circle(D, radius_0_0))", "PointLiesOnCircle(F, Circle(D, radius_0_0))"], "point_positions": {"B": [57.017543859649116, 26.061403508771924], "A": [125.87719298245612, 28.69298245614035], "J": [30.921052631578945, 56.763157894736835], "C": [53.94736842105262, 134.6140350877193], "G": [153.50877192982455, 145.359649122807], "H": [90.13157894736841, 145.359649122807], "K": [55.92105263157894, 61.5877192982456], "E": [221.27192982456137, 80.8859649122807], "F": [153.9473684210526, 80.8859649122807], "D": [89.91228070175437, 81.10526315789473], "I": [97.80701754385964, 69.7017543859649]}}