{"point_instances": ["T", "Q", "X", "W", "V", "S", "R"], "line_instances": ["QR", "QS", "QT", "RS", "RT", "ST", "TV", "QX", "QW", "QV", "XW", "XV", "WV", "RX", "SW"], "circle_instances": [], "diagram_logic_forms": ["PointLiesOnLine(R, Line(Q, S))", "PointLiesOnLine(R, Line(Q, T))", "PointLiesOnLine(S, Line(Q, T))", "PointLiesOnLine(S, Line(R, T))", "PointLiesOnLine(X, Line(Q, W))", "PointLiesOnLine(X, Line(Q, V))", "PointLiesOnLine(W, Line(Q, V))", "PointLiesOnLine(W, Line(X, V))", "Parallel(Line(T, V), Line(S, W))", "Parallel(Line(T, V), Line(R, X))", "Parallel(Line(S, W), Line(R, X))"], "point_positions": {"T": [508.4088888888889, 99.5582329317269], "Q": [118.5214814814815, 320.4698795180723], "X": [241.33333333333334, 320.8734939759036], "W": [456.12000000000006, 320.8734939759036], "V": [608.1600000000001, 320.354561101549], "S": [400.3116666666667, 160.13403614457832], "R": [218.80888888888893, 263.69477911646584]}}