{"point_instances": ["A", "B", "C", "D"], "line_instances": ["AC", "BC", "AB", "AD", "DC"], "circle_instances": [], "diagram_logic_forms": ["Perpendicular(Line(A, D), Line(C, D))", "Perpendicular(Line(C, B), Line(A, B))", "Equals(LengthOf(Line(A, D)), 40)", "Equals(LengthOf(Line(D, C)), 32)", "Equals(LengthOf(Line(A, C)), x)"], "point_positions": {"A": [26.590030742204654, 45.29813664596273], "B": [26.47176308539945, 220.49220779220778], "C": [246.54479578392622, 220.3453416149068], "D": [246.67171717171718, 45.17142857142857]}}