{"point_instances": ["D", "A", "B", "C"], "line_instances": ["BC", "DC", "AD", "AB", "DB"], "circle_instances": [], "diagram_logic_forms": ["Parallel(Line(A, B), Line(D, C))", "Perpendicular(Line(D, A), Line(B, A))", "Perpendicular(Line(B, C), Line(D, C))", "Equals(LengthOf(Line(A, B)), LengthOf(Line(D, C)))", "Equals(LengthOf(Line(B, C)), LengthOf(Line(A, D)))"], "point_positions": {"D": [65.40755790329133, 189.34260869565216], "A": [65.0301142263759, 60.22857142857142], "B": [239.15140186915886, 60.44114285714285], "C": [239.94562446898894, 189.76831168831168]}}