{"point_instances": ["P", "M", "N", "O"], "line_instances": ["MN", "PO", "PN", "ON", "PM", "MO"], "circle_instances": [], "diagram_logic_forms": ["PointLiesOnLine(O, Line(P, N))", "Equals(MeasureOf(Angle(P, M, O)), MeasureOf(Angle(N, M, O)))", "Equals(MeasureOf(Angle(P, O, M)), MeasureOf(Angle(N, O, M)))"], "point_positions": {"P": [42.510909090909095, 150.59826203208556], "M": [225.33533333333335, 55.696691176470594], "N": [404.06, 150.73529411764704], "O": [224.98222222222222, 150.73529411764704]}}