{"point_instances": ["L", "K", "M", "N", "A", "B", "C"], "line_instances": ["LK", "LA", "KA", "LM", "LC", "MC", "LN", "LB", "NB"], "circle_instances": [], "diagram_logic_forms": ["PointLiesOnLine(K, Line(L, A))", "PointLiesOnLine(M, Line(L, C))", "PointLiesOnLine(N, Line(L, B))", "Equals(MeasureOf(Angle(K, L, N)), MeasureOf(Angle(M, L, N)))"], "point_positions": {"L": [45.96503496503497, 170.2503896103896], "K": [167.4593837535014, 55.80843537414965], "M": [231.91742081447964, 176.07999999999998], "N": [219.59570135746608, 103.30971428571429], "A": [203.49248868778284, 21.88068571428571], "B": [264.7787114845939, 85.29850340136053], "C": [280.6184697655286, 178.04467532467532]}}