{"point_instances": ["E", "G", "F", "H", "A", "B", "C"], "line_instances": ["BH", "BF", "HF", "CE", "CF", "EF", "FG", "FA", "GA"], "circle_instances": [], "diagram_logic_forms": ["PointLiesOnLine(H, Line(B, F))", "PointLiesOnLine(E, Line(C, F))", "PointLiesOnLine(G, Line(F, A))", "Equals(MeasureOf(Angle(H, F, E)), MeasureOf(Angle(H, F, G)))", "Equals(MeasureOf(Angle(E, F, G)), 120)"], "point_positions": {"E": [59.9406528189911, 80.95548961424332], "G": [319.88130563798217, 201.13353115727003], "F": [128.18991097922847, 200.540059347181], "H": [204.74777448071217, 68.78931750741839], "A": [396.14243323442133, 200.540059347181], "B": [224.33234421364983, 34.367952522255194], "C": [32.64094955489614, 34.07121661721068]}}