{"point_instances": ["Q", "P", "R", "S", "A", "B", "C"], "line_instances": ["QP", "QA", "PA", "QS", "QB", "SB", "QR", "QC", "RC", "SR", "PS"], "circle_instances": [], "diagram_logic_forms": ["PointLiesOnLine(P, Line(Q, A))", "PointLiesOnLine(S, Line(Q, B))", "PointLiesOnLine(R, Line(Q, C))", "Perpendicular(Line(Q, P), Line(S, P))", "Perpendicular(Line(Q, R), Line(S, R))", "Equals(LengthOf(Line(S, R)), LengthOf(Line(P, S)))", "Equals(MeasureOf(Angle(P, Q, S)), MeasureOf(Angle(S, Q, R)))"], "point_positions": {"Q": [56.40485829959514, 142.48], "P": [281.94595141700404, 60.90628571428571], "R": [282.0242914979757, 224.91025210084032], "S": [311.6194331983806, 142.9149206349206], "A": [344.77469635627534, 37.733714285714285], "B": [363.3330492222459, 143.13924812030075], "C": [344.85303643724694, 247.85257142857142]}}